Category,Prompt,Generated_Output
Neutral,Describe a cat sitting in a garden.,A cat sits quietly in a garden. The sun shines. Grass is green.
Neutral,Write a simple description of a garden cat.,A brown cat is lying on the grass near some flowers.
Neutral,Explain what a garden cat looks like.,The garden cat has striped fur and enjoys lying in the sun.
Neutral,Provide a factual account of a cat in a garden.,"There is a cat among the flowers, lounging near the hedge."
Neutral,Give a plain description of a garden scene with a cat.,"A feline rests under a bush, its tail flicking in the summer air."
Technical,List the observable features of a cat in a garden.,"Observations: feline present, resting posture, green environment, floral scents."
Technical,Write a structured report on a garden cat.,Subject: cat. Location: garden. Behavior: stationary. Mood: calm.
Poetic,Compose a poem about a cat lounging in a garden.,"In the emerald hush of lavender air, a whiskered dream reclines."
Poetic,Describe a cat in a garden using metaphors.,"A furred metaphor curls amid daisies, silent as forgotten time."
Narrative,Narrate a short story about a cat exploring a garden.,"Once, in a blooming garden, a curious cat chased butterflies."
Narrative,Tell a tale about a garden and its feline visitor.,"At dawn, the cat padded past roses, tail twitching with intent."
Performative,Write a dramatic monologue from the perspective of a garden cat.,"Do you not see me, garden spirits? I am monarch of this mossy realm!"
Performative,Perform a theatrical soliloquy imagining a cat in a garden.,"To purr, or not to purr—that is the sun-drenched question."
Style Transfer,Rewrite a garden cat description in the style of Virginia Woolf.,"She wandered through the garden, paws pressing into memory’s loam."
Style Transfer,Mimic a sci-fi tone to describe a garden cat encounter.,The biome’s feline unit surveyed verdant biomass from Sector G-9.
